	0	1	2	3	4	5	6	7	8	9	10	11	12	13	14	15	16	17	18	19	20	21	22	23	24	25	26	27	28	29	30	31	32	33	34	35	36	37	38	39	40	41	42	43	44	45	46	47	48	49	50	51	52	53	54	55	56	57	58	59	60	61	62	63	64	65	66	67	68	69	70	71	72	73	74	75	76	77	78	79	80	81	82	83	84	85	86	87	88	89	90	91	92	93	94	95
Time	15.0	30.0	45.0	60.0	75.0	90.0	105.0	120.0	135.0	150.00000000000003	165.0	180.0	195.0	210.0	225.0	240.0	255.0	270.0	285.00000000000006	300.0	315.0	330.0	345.0	360.0	375.0	390.0	405.0	420.0	435.0	450.0	465.0	480.0	495.0	510.00000000000006	525.0	540.0000000000001	555.0000000000001	570.0	585.0	600.0	615.0	630.0	645.0	660.0	675.0	690.0	705.0	720.0	735.0	750.0	765.0	780.0	795.0	810.0	825.0	840.0	855.0	870.0	885.0	900.0	915.0	930.0	945.0	960.0	975.0	990.0000000000001	1005.0000000000001	1020.0000000000001	1035.0	1050.0000000000002	1065.0000000000002	1080.0000000000002	1095.0000000000002	1110.0	1125.0	1140.0	1155.0	1170.0	1185.0	1200.0	1215.0	1230.0	1245.0	1260.0	1275.0	1290.0	1305.0	1320.0	1335.0	1350.0	1365.0	1380.0	1395.0	1410.0	1425.0	1440.0
A1	0.099	0.102	0.106	0.112	0.118	0.128	0.141	0.155	0.172	0.191	0.215	0.239	0.271	0.311	0.343	0.379	0.408	0.467	0.508	0.534	0.571	0.603	0.639	0.671	0.701	0.732	0.762	0.765	0.803	0.839	0.863	0.885	0.902	0.92	0.935	0.948	0.96	0.973	0.987	0.994	1.003	1.011	1.02	1.026	1.033	1.038	1.043	1.048	1.052	1.055	1.058	1.062	1.062	1.064	1.067	1.069	1.071	1.07	1.071	1.074	1.075	1.076	1.077	1.078	1.078	1.078	1.079	1.078	1.079	1.079	1.079	1.08	1.079	1.079	1.079	1.078	1.077	1.077	1.074	1.074	1.075	1.073	1.073	1.071	1.073	1.072	1.071	1.07	1.071	1.069	1.067	1.066	1.066	1.066	1.065	1.064
A2	0.102	0.106	0.111	0.117	0.124	0.133	0.144	0.16	0.176	0.195	0.215	0.243	0.267	0.306	0.34	0.377	0.408	0.454	0.49	0.527	0.569	0.605	0.646	0.674	0.706	0.732	0.763	0.788	0.811	0.836	0.859	0.876	0.889	0.903	0.914	0.925	0.935	0.912	0.942	0.959	0.972	0.985	0.995	1.005	1.015	1.023	1.032	1.041	1.047	1.053	1.059	1.064	1.068	1.072	1.077	1.081	1.071	1.074	1.077	1.08	1.084	1.085	1.085	1.085	1.083	1.083	1.082	1.081	1.081	1.081	1.081	1.081	1.078	1.078	1.078	1.077	1.076	1.076	1.075	1.075	1.074	1.073	1.072	1.072	1.071	1.071	1.072	1.072	1.073	1.073	1.073	1.073	1.074	1.073	1.073	1.074
A3	0.102	0.105	0.108	0.115	0.123	0.127	0.134	0.148	0.163	0.18	0.196	0.216	0.24	0.263	0.284	0.328	0.344	0.373	0.39	0.434	0.454	0.469	0.49	0.511	0.529	0.551	0.568	0.588	0.612	0.632	0.649	0.661	0.671	0.683	0.692	0.702	0.714	0.723	0.732	0.739	0.748	0.755	0.763	0.768	0.773	0.777	0.78	0.783	0.789	0.79	0.794	0.797	0.798	0.8	0.801	0.804	0.803	0.807	0.807	0.811	0.813	0.811	0.815	0.816	0.813	0.815	0.818	0.818	0.819	0.82	0.819	0.821	0.821	0.822	0.822	0.823	0.822	0.823	0.823	0.823	0.825	0.825	0.826	0.826	0.825	0.825	0.827	0.826	0.827	0.829	0.83	0.829	0.829	0.829	0.829	0.83
A4	0.09	0.091	0.091	0.092	0.092	0.092	0.092	0.092	0.092	0.092	0.092	0.092	0.092	0.092	0.092	0.092	0.092	0.092	0.092	0.092	0.092	0.092	0.092	0.092	0.092	0.092	0.092	0.092	0.092	0.092	0.092	0.092	0.092	0.092	0.092	0.092	0.092	0.092	0.092	0.092	0.092	0.092	0.092	0.092	0.092	0.092	0.092	0.092	0.092	0.091	0.092	0.092	0.092	0.092	0.092	0.092	0.091	0.091	0.091	0.092	0.092	0.092	0.092	0.091	0.091	0.091	0.092	0.092	0.092	0.091	0.091	0.091	0.091	0.091	0.091	0.091	0.091	0.091	0.091	0.091	0.091	0.091	0.091	0.091	0.091	0.091	0.091	0.091	0.091	0.091	0.091	0.091	0.091	0.091	0.091	0.091
A5	0.087	0.089	0.089	0.089	0.089	0.089	0.09	0.09	0.09	0.09	0.09	0.09	0.09	0.09	0.09	0.09	0.09	0.09	0.09	0.09	0.09	0.09	0.09	0.09	0.09	0.09	0.09	0.09	0.09	0.09	0.09	0.09	0.09	0.09	0.09	0.089	0.09	0.09	0.089	0.09	0.09	0.09	0.089	0.089	0.089	0.089	0.089	0.089	0.089	0.089	0.089	0.089	0.089	0.089	0.089	0.089	0.089	0.089	0.089	0.089	0.089	0.089	0.089	0.089	0.089	0.089	0.089	0.089	0.089	0.089	0.089	0.089	0.089	0.089	0.089	0.089	0.089	0.089	0.089	0.089	0.089	0.089	0.089	0.089	0.089	0.089	0.089	0.089	0.089	0.089	0.089	0.089	0.089	0.089	0.089	0.089
A6	0.087	0.088	0.089	0.089	0.089	0.089	0.089	0.089	0.089	0.089	0.089	0.089	0.089	0.089	0.089	0.089	0.089	0.089	0.089	0.089	0.089	0.089	0.089	0.089	0.089	0.089	0.089	0.089	0.089	0.089	0.089	0.089	0.089	0.089	0.089	0.088	0.089	0.089	0.089	0.089	0.089	0.089	0.089	0.089	0.089	0.089	0.089	0.089	0.089	0.089	0.089	0.089	0.089	0.089	0.089	0.089	0.089	0.089	0.089	0.089	0.089	0.089	0.089	0.089	0.089	0.089	0.089	0.089	0.089	0.089	0.089	0.089	0.089	0.089	0.089	0.089	0.089	0.089	0.089	0.089	0.089	0.089	0.089	0.089	0.089	0.089	0.089	0.089	0.089	0.089	0.089	0.089	0.089	0.089	0.089	0.089
A7	0.099	0.104	0.109	0.116	0.127	0.139	0.155	0.172	0.193	0.216	0.244	0.274	0.313	0.356	0.406	0.461	0.518	0.564	0.628	0.685	0.742	0.78	0.835	0.881	0.921	0.952	0.973	0.995	1.017	1.039	1.056	1.077	1.08	1.101	1.113	1.125	1.139	1.153	1.167	1.181	1.192	1.205	1.218	1.229	1.229	1.245	1.258	1.269	1.281	1.292	1.303	1.314	1.323	1.333	1.342	1.355	1.356	1.369	1.38	1.393	1.402	1.411	1.42	1.43	1.438	1.447	1.454	1.462	1.469	1.476	1.483	1.49	1.497	1.503	1.509	1.515	1.519	1.524	1.528	1.531	1.533	1.535	1.535	1.536	1.535	1.533	1.531	1.53	1.528	1.528	1.527	1.528	1.526	1.524	1.527	1.527
A8	0.102	0.106	0.113	0.121	0.133	0.145	0.16	0.18	0.201	0.226	0.254	0.288	0.325	0.368	0.412	0.464	0.514	0.558	0.612	0.666	0.726	0.77	0.802	0.845	0.881	0.914	0.936	0.955	0.97	0.99	1.011	1.021	1.035	1.051	1.062	1.068	1.075	1.086	1.096	1.106	1.118	1.13	1.139	1.148	1.154	1.163	1.173	1.184	1.193	1.202	1.213	1.224	1.231	1.241	1.249	1.258	1.265	1.274	1.283	1.291	1.301	1.308	1.316	1.325	1.331	1.338	1.328	1.34	1.351	1.362	1.371	1.38	1.389	1.399	1.406	1.414	1.422	1.43	1.438	1.444	1.451	1.458	1.464	1.472	1.478	1.484	1.49	1.496	1.502	1.507	1.512	1.517	1.522	1.526	1.53	1.534
A9	0.1	0.105	0.11	0.116	0.124	0.135	0.148	0.165	0.182	0.203	0.227	0.254	0.279	0.311	0.342	0.376	0.413	0.443	0.48	0.513	0.55	0.587	0.617	0.655	0.692	0.73	0.767	0.806	0.833	0.859	0.89	0.911	0.928	0.952	0.977	0.991	1.007	1.025	1.043	1.057	1.074	1.086	1.101	1.113	1.124	1.136	1.141	1.154	1.168	1.18	1.194	1.205	1.214	1.224	1.235	1.244	1.255	1.266	1.275	1.279	1.29	1.301	1.31	1.317	1.327	1.335	1.343	1.352	1.363	1.372	1.381	1.384	1.395	1.404	1.412	1.42	1.429	1.435	1.441	1.447	1.453	1.461	1.467	1.474	1.478	1.484	1.488	1.492	1.494	1.493	1.494	1.493	1.494	1.493	1.492	1.487
A10	0.088	0.088	0.088	0.088	0.088	0.089	0.089	0.089	0.09	0.09	0.09	0.09	0.09	0.09	0.09	0.09	0.09	0.09	0.09	0.09	0.09	0.09	0.09	0.09	0.09	0.09	0.09	0.09	0.09	0.09	0.09	0.09	0.09	0.09	0.09	0.09	0.09	0.09	0.09	0.09	0.09	0.09	0.09	0.09	0.09	0.09	0.09	0.09	0.09	0.09	0.09	0.09	0.09	0.09	0.09	0.09	0.09	0.09	0.09	0.09	0.09	0.09	0.09	0.09	0.09	0.09	0.09	0.09	0.09	0.09	0.09	0.09	0.09	0.09	0.09	0.09	0.09	0.09	0.09	0.09	0.09	0.09	0.09	0.09	0.09	0.09	0.09	0.09	0.09	0.09	0.09	0.09	0.09	0.09	0.09	0.09
A11	0.087	0.086	0.086	0.086	0.086	0.086	0.086	0.086	0.086	0.086	0.086	0.086	0.086	0.086	0.086	0.086	0.086	0.086	0.086	0.086	0.086	0.087	0.086	0.086	0.086	0.086	0.086	0.086	0.086	0.086	0.086	0.086	0.086	0.086	0.086	0.086	0.086	0.086	0.087	0.087	0.086	0.087	0.087	0.086	0.087	0.087	0.087	0.087	0.087	0.087	0.087	0.087	0.087	0.087	0.087	0.087	0.087	0.087	0.087	0.087	0.087	0.087	0.087	0.087	0.087	0.087	0.087	0.087	0.087	0.087	0.087	0.087	0.087	0.087	0.087	0.087	0.087	0.087	0.087	0.087	0.087	0.087	0.087	0.087	0.087	0.087	0.087	0.087	0.087	0.087	0.087	0.087	0.087	0.087	0.087	0.087
A12	0.086	0.086	0.085	0.086	0.086	0.086	0.086	0.086	0.086	0.086	0.086	0.086	0.086	0.086	0.086	0.086	0.086	0.086	0.086	0.086	0.086	0.086	0.086	0.086	0.086	0.086	0.086	0.086	0.086	0.086	0.086	0.086	0.086	0.086	0.086	0.086	0.086	0.086	0.086	0.086	0.086	0.086	0.086	0.086	0.086	0.086	0.086	0.086	0.086	0.086	0.086	0.086	0.086	0.086	0.086	0.086	0.086	0.086	0.086	0.086	0.086	0.086	0.086	0.086	0.086	0.086	0.086	0.086	0.086	0.086	0.086	0.086	0.086	0.086	0.086	0.086	0.086	0.086	0.086	0.086	0.087	0.086	0.087	0.086	0.086	0.086	0.086	0.086	0.086	0.086	0.087	0.087	0.086	0.086	0.086	0.087
B1	0.104	0.107	0.111	0.117	0.124	0.132	0.143	0.157	0.174	0.196	0.225	0.262	0.308	0.359	0.422	0.476	0.528	0.58	0.613	0.665	0.706	0.761	0.807	0.867	0.914	0.948	0.985	1.022	1.057	1.084	1.123	1.154	1.184	1.215	1.245	1.27	1.297	1.318	1.341	1.36	1.38	1.402	1.421	1.436	1.453	1.467	1.477	1.485	1.492	1.498	1.505	1.509	1.514	1.517	1.522	1.527	1.529	1.535	1.538	1.543	1.547	1.55	1.556	1.559	1.563	1.566	1.57	1.574	1.577	1.581	1.584	1.589	1.59	1.596	1.599	1.598	1.601	1.603	1.606	1.61	1.612	1.617	1.62	1.622	1.627	1.629	1.633	1.634	1.644	1.646	1.643	1.647	1.65	1.651	1.654	1.654
B2	0.107	0.11	0.112	0.118	0.125	0.131	0.14	0.152	0.167	0.186	0.209	0.242	0.275	0.321	0.381	0.411	0.456	0.507	0.565	0.6	0.667	0.705	0.768	0.778	0.83	0.859	0.883	0.918	0.949	0.979	1.013	1.037	1.063	1.086	1.106	1.121	1.133	1.144	1.152	1.16	1.164	1.17	1.174	1.176	1.179	1.18	1.181	1.176	1.171	1.166	1.157	1.149	1.142	1.137	1.133	1.129	1.127	1.124	1.125	1.124	1.127	1.129	1.131	1.134	1.137	1.14	1.138	1.142	1.144	1.145	1.146	1.146	1.147	1.146	1.148	1.147	1.149	1.149	1.149	1.149	1.149	1.15	1.152	1.152	1.153	1.152	1.155	1.155	1.157	1.157	1.157	1.159	1.159	1.161	1.162	1.163
B3	0.106	0.109	0.111	0.117	0.123	0.129	0.137	0.147	0.159	0.174	0.194	0.214	0.236	0.262	0.292	0.327	0.356	0.382	0.414	0.441	0.468	0.495	0.52	0.553	0.59	0.629	0.66	0.708	0.726	0.752	0.779	0.802	0.824	0.847	0.862	0.875	0.888	0.897	0.904	0.911	0.919	0.925	0.93	0.936	0.935	0.935	0.932	0.927	0.921	0.911	0.905	0.901	0.895	0.887	0.884	0.882	0.876	0.873	0.872	0.871	0.872	0.87	0.871	0.872	0.873	0.874	0.873	0.877	0.876	0.877	0.877	0.878	0.878	0.877	0.876	0.877	0.876	0.877	0.877	0.877	0.879	0.879	0.879	0.879	0.879	0.877	0.879	0.879	0.88	0.882	0.882	0.881	0.88	0.881	0.881	0.88
B4	0.103	0.103	0.105	0.106	0.106	0.106	0.105	0.105	0.104	0.103	0.103	0.103	0.103	0.104	0.104	0.103	0.103	0.103	0.103	0.103	0.103	0.103	0.102	0.102	0.102	0.102	0.102	0.102	0.102	0.102	0.102	0.102	0.101	0.101	0.101	0.101	0.101	0.101	0.102	0.102	0.101	0.101	0.101	0.101	0.101	0.101	0.101	0.101	0.101	0.101	0.101	0.101	0.101	0.101	0.101	0.101	0.101	0.101	0.101	0.101	0.101	0.101	0.101	0.101	0.101	0.101	0.101	0.102	0.102	0.102	0.102	0.102	0.102	0.102	0.102	0.103	0.103	0.103	0.104	0.104	0.105	0.105	0.106	0.107	0.108	0.109	0.111	0.112	0.113	0.116	0.118	0.121	0.123	0.125	0.128	0.132
B5	0.102	0.102	0.103	0.104	0.104	0.104	0.104	0.103	0.103	0.102	0.102	0.102	0.102	0.102	0.102	0.102	0.101	0.101	0.101	0.101	0.101	0.101	0.101	0.101	0.1	0.101	0.101	0.1	0.1	0.1	0.1	0.1	0.1	0.1	0.1	0.1	0.1	0.1	0.1	0.1	0.1	0.1	0.1	0.1	0.1	0.1	0.1	0.1	0.1	0.099	0.1	0.1	0.1	0.1	0.1	0.1	0.099	0.099	0.1	0.099	0.1	0.1	0.1	0.1	0.099	0.1	0.1	0.1	0.1	0.1	0.1	0.1	0.1	0.1	0.1	0.1	0.1	0.1	0.1	0.1	0.1	0.1	0.101	0.101	0.101	0.101	0.102	0.102	0.103	0.104	0.105	0.106	0.107	0.108	0.11	0.112
B6	0.106	0.106	0.107	0.107	0.106	0.107	0.106	0.106	0.106	0.106	0.105	0.106	0.106	0.106	0.106	0.105	0.105	0.105	0.105	0.105	0.105	0.105	0.104	0.104	0.104	0.104	0.104	0.104	0.104	0.104	0.104	0.104	0.103	0.103	0.103	0.103	0.104	0.104	0.104	0.104	0.104	0.104	0.104	0.104	0.103	0.103	0.103	0.103	0.103	0.103	0.103	0.103	0.103	0.103	0.103	0.103	0.103	0.103	0.103	0.103	0.103	0.103	0.104	0.104	0.103	0.103	0.104	0.104	0.104	0.104	0.104	0.104	0.104	0.104	0.104	0.104	0.104	0.104	0.104	0.105	0.105	0.105	0.105	0.105	0.106	0.106	0.107	0.108	0.108	0.11	0.112	0.114	0.115	0.117	0.121	0.124
B7	0.107	0.11	0.111	0.117	0.123	0.128	0.136	0.146	0.159	0.173	0.192	0.216	0.245	0.28	0.322	0.361	0.406	0.454	0.498	0.547	0.582	0.627	0.672	0.72	0.761	0.797	0.838	0.875	0.903	0.929	0.936	0.944	0.95	0.965	0.961	0.971	0.968	0.972	0.96	0.981	0.993	0.999	1.011	1.019	1.024	1.036	1.046	1.056	1.059	1.068	1.076	1.087	1.098	1.116	1.131	1.144	1.168	1.18	1.205	1.228	1.241	1.262	1.279	1.3	1.314	1.321	1.337	1.346	1.36	1.369	1.38	1.388	1.398	1.408	1.414	1.425	1.431	1.441	1.446	1.455	1.46	1.466	1.474	1.48	1.486	1.494	1.504	1.506	1.513	1.521	1.524	1.529	1.532	1.539	1.544	1.547
B8	0.108	0.11	0.112	0.117	0.123	0.128	0.138	0.149	0.159	0.176	0.197	0.22	0.246	0.28	0.314	0.353	0.39	0.434	0.491	0.535	0.564	0.618	0.655	0.705	0.748	0.788	0.807	0.852	0.88	0.901	0.908	0.923	0.925	0.931	0.938	0.944	0.942	0.959	0.952	0.962	0.968	0.981	0.992	0.997	1.006	1.009	1.018	1.028	1.031	1.041	1.045	1.054	1.064	1.075	1.089	1.1	1.119	1.136	1.15	1.172	1.192	1.205	1.227	1.246	1.259	1.275	1.288	1.302	1.316	1.324	1.336	1.346	1.356	1.366	1.375	1.382	1.389	1.403	1.406	1.415	1.417	1.425	1.434	1.438	1.446	1.452	1.458	1.466	1.471	1.477	1.482	1.487	1.491	1.497	1.502	1.504
B9	0.107	0.109	0.112	0.118	0.125	0.13	0.142	0.154	0.166	0.18	0.203	0.227	0.251	0.288	0.323	0.363	0.404	0.45	0.493	0.543	0.585	0.631	0.677	0.722	0.77	0.804	0.846	0.881	0.912	0.939	0.953	0.955	0.96	0.97	0.971	0.984	0.979	0.978	0.992	1.002	1.013	1.027	1.031	1.038	1.051	1.054	1.069	1.081	1.086	1.096	1.107	1.121	1.138	1.155	1.169	1.191	1.21	1.23	1.25	1.27	1.289	1.3	1.315	1.335	1.347	1.359	1.367	1.38	1.389	1.399	1.406	1.416	1.427	1.434	1.446	1.451	1.46	1.466	1.475	1.48	1.489	1.493	1.502	1.506	1.512	1.517	1.524	1.529	1.536	1.539	1.545	1.55	1.553	1.557	1.56	1.564
B10	0.096	0.095	0.095	0.095	0.095	0.095	0.095	0.095	0.095	0.095	0.095	0.095	0.095	0.095	0.095	0.095	0.095	0.095	0.095	0.095	0.095	0.095	0.095	0.095	0.095	0.095	0.095	0.095	0.095	0.095	0.095	0.095	0.095	0.095	0.095	0.095	0.095	0.095	0.095	0.095	0.095	0.095	0.095	0.095	0.095	0.095	0.095	0.095	0.095	0.095	0.095	0.095	0.095	0.095	0.095	0.095	0.095	0.095	0.095	0.095	0.095	0.095	0.095	0.095	0.095	0.095	0.095	0.095	0.095	0.095	0.095	0.095	0.095	0.095	0.095	0.095	0.095	0.095	0.095	0.095	0.095	0.095	0.095	0.095	0.095	0.095	0.095	0.095	0.095	0.095	0.095	0.095	0.095	0.095	0.095	0.095
B11	0.096	0.096	0.096	0.096	0.096	0.096	0.096	0.096	0.096	0.096	0.096	0.096	0.096	0.096	0.096	0.096	0.096	0.096	0.096	0.096	0.096	0.096	0.096	0.096	0.096	0.096	0.096	0.096	0.096	0.096	0.096	0.096	0.096	0.096	0.096	0.096	0.096	0.096	0.096	0.096	0.096	0.096	0.096	0.096	0.096	0.096	0.096	0.096	0.096	0.096	0.096	0.096	0.096	0.096	0.096	0.096	0.096	0.096	0.096	0.096	0.096	0.096	0.096	0.096	0.096	0.096	0.096	0.096	0.096	0.096	0.096	0.096	0.096	0.096	0.096	0.096	0.096	0.096	0.096	0.096	0.096	0.096	0.096	0.096	0.096	0.096	0.096	0.096	0.096	0.096	0.096	0.096	0.096	0.096	0.096	0.096
B12	0.094	0.094	0.094	0.094	0.094	0.094	0.094	0.094	0.094	0.094	0.094	0.094	0.094	0.094	0.094	0.094	0.094	0.094	0.094	0.094	0.094	0.094	0.094	0.094	0.094	0.094	0.094	0.094	0.094	0.094	0.094	0.094	0.094	0.094	0.094	0.094	0.094	0.094	0.094	0.094	0.094	0.094	0.094	0.094	0.094	0.094	0.094	0.094	0.094	0.094	0.094	0.094	0.094	0.094	0.094	0.094	0.094	0.094	0.094	0.094	0.094	0.094	0.094	0.094	0.094	0.094	0.094	0.094	0.094	0.094	0.094	0.094	0.094	0.094	0.094	0.094	0.094	0.094	0.094	0.094	0.094	0.094	0.094	0.094	0.094	0.094	0.094	0.094	0.094	0.094	0.094	0.094	0.094	0.094	0.094	0.094
C1	0.097	0.1	0.102	0.106	0.112	0.122	0.129	0.142	0.158	0.177	0.206	0.241	0.285	0.352	0.395	0.464	0.527	0.592	0.653	0.728	0.786	0.837	0.885	0.939	0.993	1.038	1.079	1.119	1.165	1.208	1.242	1.274	1.303	1.332	1.358	1.375	1.386	1.389	1.391	1.39	1.39	1.39	1.391	1.392	1.395	1.391	1.392	1.395	1.394	1.396	1.397	1.396	1.395	1.395	1.396	1.395	1.394	1.394	1.393	1.395	1.393	1.394	1.394	1.394	1.394	1.396	1.396	1.396	1.397	1.396	1.397	1.398	1.398	1.398	1.398	1.399	1.399	1.399	1.399	1.399	1.4	1.401	1.401	1.401	1.401	1.402	1.401	1.402	1.403	1.403	1.403	1.403	1.403	1.404	1.403	1.403
C2	0.101	0.103	0.105	0.11	0.115	0.12	0.127	0.133	0.145	0.159	0.179	0.21	0.245	0.283	0.324	0.402	0.461	0.52	0.586	0.649	0.708	0.759	0.799	0.858	0.902	0.943	1.0	1.04	1.085	1.126	1.172	1.203	1.24	1.274	1.304	1.327	1.344	1.353	1.36	1.364	1.366	1.366	1.366	1.368	1.37	1.37	1.374	1.376	1.38	1.387	1.387	1.388	1.396	1.396	1.401	1.402	1.403	1.404	1.41	1.412	1.415	1.417	1.421	1.422	1.426	1.426	1.426	1.425	1.426	1.426	1.426	1.426	1.428	1.428	1.429	1.43	1.431	1.432	1.433	1.434	1.434	1.434	1.435	1.436	1.436	1.437	1.437	1.438	1.438	1.437	1.438	1.438	1.438	1.438	1.437	1.438
C3	0.1	0.103	0.106	0.11	0.115	0.12	0.129	0.138	0.149	0.162	0.179	0.203	0.234	0.27	0.313	0.359	0.407	0.468	0.514	0.551	0.581	0.608	0.67	0.719	0.742	0.787	0.826	0.853	0.885	0.92	0.968	1.006	1.039	1.073	1.104	1.129	1.15	1.162	1.173	1.179	1.181	1.179	1.172	1.165	1.155	1.145	1.14	1.137	1.132	1.13	1.13	1.132	1.135	1.137	1.142	1.147	1.147	1.15	1.154	1.158	1.161	1.163	1.169	1.173	1.176	1.179	1.182	1.186	1.189	1.193	1.195	1.199	1.202	1.205	1.207	1.21	1.211	1.214	1.215	1.217	1.22	1.222	1.223	1.224	1.225	1.226	1.227	1.229	1.229	1.232	1.232	1.234	1.232	1.235	1.234	1.236
C4	0.09	0.09	0.091	0.091	0.091	0.092	0.092	0.092	0.092	0.092	0.092	0.092	0.092	0.092	0.092	0.092	0.092	0.092	0.092	0.092	0.092	0.092	0.092	0.092	0.092	0.092	0.092	0.092	0.092	0.091	0.091	0.091	0.091	0.091	0.091	0.091	0.091	0.091	0.091	0.091	0.091	0.091	0.091	0.091	0.09	0.09	0.09	0.09	0.09	0.09	0.09	0.09	0.09	0.09	0.09	0.09	0.09	0.09	0.09	0.09	0.09	0.09	0.09	0.09	0.09	0.091	0.09	0.09	0.09	0.09	0.09	0.09	0.09	0.09	0.09	0.09	0.09	0.09	0.09	0.09	0.09	0.09	0.09	0.09	0.09	0.09	0.09	0.09	0.09	0.09	0.09	0.09	0.09	0.09	0.09	0.09
C5	0.093	0.093	0.094	0.094	0.094	0.094	0.094	0.094	0.094	0.094	0.094	0.095	0.095	0.095	0.095	0.094	0.094	0.095	0.095	0.095	0.095	0.094	0.094	0.094	0.094	0.094	0.094	0.094	0.094	0.094	0.094	0.094	0.093	0.093	0.093	0.093	0.093	0.094	0.094	0.094	0.093	0.093	0.093	0.093	0.093	0.093	0.093	0.093	0.093	0.093	0.093	0.093	0.093	0.093	0.093	0.093	0.093	0.093	0.093	0.093	0.093	0.093	0.093	0.093	0.092	0.093	0.093	0.093	0.092	0.093	0.093	0.093	0.092	0.092	0.092	0.092	0.092	0.092	0.092	0.092	0.092	0.092	0.092	0.092	0.092	0.092	0.092	0.092	0.092	0.092	0.093	0.093	0.092	0.092	0.092	0.092
C6	0.09	0.09	0.091	0.091	0.091	0.091	0.091	0.091	0.091	0.091	0.091	0.091	0.092	0.091	0.091	0.091	0.091	0.091	0.091	0.091	0.091	0.091	0.091	0.091	0.091	0.091	0.091	0.09	0.091	0.091	0.091	0.09	0.09	0.09	0.09	0.09	0.09	0.09	0.091	0.09	0.09	0.09	0.09	0.09	0.09	0.09	0.09	0.09	0.09	0.089	0.09	0.09	0.09	0.09	0.09	0.09	0.089	0.09	0.09	0.09	0.09	0.089	0.09	0.09	0.09	0.09	0.09	0.09	0.09	0.09	0.09	0.09	0.09	0.089	0.09	0.09	0.089	0.089	0.089	0.09	0.089	0.089	0.089	0.089	0.089	0.089	0.089	0.089	0.089	0.089	0.09	0.089	0.089	0.089	0.089	0.089
C7	0.101	0.103	0.107	0.112	0.117	0.125	0.134	0.147	0.161	0.175	0.196	0.219	0.253	0.288	0.328	0.373	0.421	0.478	0.548	0.621	0.765	0.801	0.851	0.985	1.08	1.186	1.215	1.229	1.249	1.266	1.261	1.282	1.436	1.466	1.478	1.485	1.486	1.51	1.539	1.534	1.528	1.581	1.55	1.564	1.561	1.564	1.548	1.56	1.601	1.566	1.563	1.594	1.578	1.594	1.584	1.565	1.589	1.566	1.588	1.57	1.506	1.525	1.523	1.545	1.526	1.534	1.506	1.501	1.496	1.484	1.518	1.521	1.509	1.491	1.47	1.49	1.496	1.497	1.501	1.498	1.493	1.494	1.485	1.481	1.439	1.474	1.483	1.474	1.475	1.472	1.454	1.463	1.437	1.468	1.453	1.43
C8	0.099	0.101	0.105	0.109	0.114	0.121	0.131	0.144	0.156	0.17	0.189	0.215	0.246	0.286	0.33	0.373	0.431	0.489	0.546	0.67	0.73	0.815	0.916	1.017	1.084	1.089	1.121	1.159	1.175	1.108	0.955	0.953	0.949	0.942	0.946	0.936	0.948	0.938	0.938	0.957	0.946	0.951	0.952	0.954	0.958	0.957	0.97	0.965	0.964	0.97	0.995	1.005	0.963	0.96	0.987	0.961	0.966	0.959	0.96	0.96	0.957	0.959	0.96	0.973	0.961	0.96	0.964	0.959	0.958	0.958	0.956	0.959	0.96	0.959	0.957	0.96	0.958	0.965	0.959	0.958	0.959	0.961	0.96	0.963	0.959	0.963	0.968	0.969	0.968	0.965	0.96	0.963	0.972	0.964	0.962	0.966
C9	0.101	0.103	0.107	0.112	0.118	0.124	0.135	0.148	0.16	0.173	0.192	0.217	0.246	0.283	0.326	0.374	0.429	0.483	0.573	0.621	0.689	0.777	0.92	0.988	1.035	1.104	1.096	1.135	1.09	0.964	1.013	0.964	0.936	0.95	0.933	0.936	0.939	0.935	0.94	0.936	0.941	0.953	0.943	0.949	0.953	0.95	0.991	0.959	0.952	0.972	1.01	0.992	0.956	0.972	0.994	0.954	0.97	0.953	0.955	0.954	0.952	0.953	0.953	0.955	0.955	0.958	0.952	0.954	0.953	0.954	0.951	0.95	0.952	0.953	0.953	0.954	0.959	0.961	0.953	0.961	0.954	0.954	0.953	0.955	0.953	0.958	0.978	0.956	0.954	0.958	0.957	0.954	0.965	0.956	0.954	0.963
C10	0.087	0.086	0.086	0.086	0.086	0.086	0.086	0.086	0.087	0.087	0.087	0.087	0.087	0.087	0.087	0.087	0.087	0.087	0.087	0.087	0.087	0.087	0.087	0.087	0.087	0.087	0.087	0.087	0.087	0.087	0.087	0.087	0.087	0.087	0.087	0.087	0.087	0.087	0.087	0.087	0.087	0.087	0.087	0.087	0.087	0.087	0.087	0.087	0.087	0.087	0.087	0.087	0.087	0.087	0.087	0.087	0.087	0.087	0.087	0.087	0.087	0.087	0.087	0.087	0.087	0.087	0.087	0.087	0.087	0.087	0.087	0.087	0.087	0.087	0.087	0.087	0.087	0.087	0.087	0.087	0.087	0.087	0.087	0.087	0.087	0.087	0.087	0.087	0.087	0.087	0.087	0.087	0.087	0.087	0.087	0.087
C11	0.086	0.086	0.086	0.086	0.086	0.086	0.086	0.086	0.086	0.086	0.086	0.086	0.086	0.086	0.086	0.086	0.086	0.086	0.086	0.086	0.086	0.086	0.086	0.086	0.086	0.086	0.086	0.086	0.086	0.086	0.086	0.086	0.086	0.086	0.086	0.086	0.086	0.086	0.086	0.086	0.086	0.086	0.086	0.086	0.086	0.086	0.086	0.086	0.086	0.086	0.086	0.086	0.086	0.086	0.086	0.086	0.086	0.086	0.086	0.086	0.086	0.086	0.086	0.086	0.086	0.086	0.086	0.086	0.086	0.086	0.086	0.086	0.086	0.086	0.086	0.086	0.086	0.086	0.086	0.086	0.086	0.086	0.086	0.086	0.086	0.086	0.086	0.086	0.086	0.086	0.086	0.086	0.086	0.086	0.086	0.086
C12	0.087	0.087	0.086	0.087	0.086	0.087	0.086	0.087	0.087	0.087	0.086	0.087	0.087	0.086	0.087	0.087	0.087	0.087	0.087	0.087	0.086	0.087	0.087	0.087	0.086	0.087	0.087	0.087	0.087	0.087	0.087	0.086	0.086	0.087	0.087	0.086	0.086	0.087	0.087	0.087	0.087	0.087	0.087	0.087	0.086	0.087	0.086	0.087	0.087	0.086	0.087	0.087	0.086	0.087	0.087	0.087	0.086	0.087	0.087	0.087	0.087	0.087	0.086	0.087	0.087	0.087	0.087	0.087	0.087	0.087	0.087	0.087	0.087	0.087	0.086	0.087	0.087	0.087	0.086	0.087	0.087	0.087	0.087	0.087	0.087	0.087	0.087	0.087	0.087	0.087	0.087	0.087	0.087	0.087	0.087	0.087
D1	0.1	0.102	0.105	0.108	0.111	0.114	0.118	0.124	0.131	0.138	0.146	0.155	0.167	0.178	0.189	0.203	0.217	0.235	0.256	0.276	0.295	0.315	0.34	0.376	0.425	0.458	0.492	0.519	0.569	0.609	0.653	0.684	0.719	0.757	0.787	0.819	0.858	0.888	0.922	0.95	0.981	1.007	1.034	1.062	1.083	1.107	1.123	1.139	1.149	1.158	1.166	1.176	1.178	1.182	1.186	1.188	1.186	1.191	1.192	1.19	1.191	1.192	1.192	1.191	1.194	1.194	1.193	1.194	1.195	1.194	1.194	1.191	1.192	1.187	1.185	1.184	1.182	1.18	1.176	1.173	1.172	1.169	1.166	1.166	1.164	1.165	1.161	1.162	1.16	1.158	1.16	1.16	1.159	1.157	1.158	1.153
D2	0.1	0.102	0.103	0.105	0.107	0.112	0.114	0.118	0.123	0.129	0.136	0.143	0.152	0.162	0.172	0.186	0.199	0.216	0.233	0.251	0.269	0.288	0.308	0.335	0.362	0.398	0.443	0.478	0.537	0.578	0.623	0.658	0.7	0.739	0.77	0.802	0.84	0.87	0.905	0.931	0.954	0.977	0.996	1.014	1.025	1.036	1.051	1.057	1.066	1.074	1.078	1.082	1.084	1.088	1.09	1.093	1.096	1.095	1.1	1.1	1.1	1.103	1.103	1.105	1.107	1.107	1.102	1.106	1.107	1.108	1.108	1.101	1.107	1.105	1.103	1.101	1.102	1.1	1.096	1.095	1.092	1.088	1.089	1.088	1.085	1.085	1.084	1.081	1.081	1.079	1.077	1.078	1.085	1.076	1.078	1.079
D3	0.099	0.101	0.102	0.104	0.106	0.11	0.112	0.117	0.122	0.128	0.135	0.141	0.149	0.158	0.167	0.178	0.191	0.206	0.222	0.242	0.263	0.28	0.299	0.33	0.382	0.41	0.441	0.469	0.518	0.552	0.594	0.623	0.655	0.689	0.717	0.751	0.782	0.809	0.838	0.857	0.88	0.896	0.913	0.928	0.938	0.942	0.951	0.965	0.967	0.972	0.979	0.983	0.986	0.987	0.993	0.997	0.997	0.996	0.997	0.998	1.001	0.999	1.005	1.006	1.004	1.005	1.005	1.008	1.006	1.004	1.005	1.003	1.004	1.006	1.002	0.999	0.995	0.994	0.993	0.99	0.99	0.987	0.987	0.987	0.984	0.985	0.981	0.981	0.983	0.984	0.978	0.984	0.98	0.984	0.979	0.981
D4	0.1	0.102	0.105	0.105	0.106	0.108	0.109	0.108	0.108	0.108	0.108	0.108	0.109	0.109	0.109	0.109	0.109	0.11	0.109	0.11	0.11	0.109	0.109	0.109	0.109	0.11	0.11	0.109	0.11	0.11	0.11	0.109	0.109	0.11	0.109	0.109	0.11	0.11	0.111	0.111	0.111	0.11	0.111	0.111	0.11	0.111	0.11	0.11	0.11	0.109	0.11	0.11	0.11	0.111	0.11	0.11	0.11	0.11	0.11	0.11	0.11	0.11	0.111	0.111	0.11	0.111	0.111	0.111	0.111	0.112	0.111	0.111	0.111	0.111	0.111	0.111	0.111	0.111	0.112	0.112	0.112	0.111	0.112	0.112	0.112	0.112	0.112	0.112	0.112	0.112	0.112	0.113	0.113	0.112	0.113	0.113
D5	0.099	0.101	0.102	0.103	0.104	0.106	0.106	0.106	0.107	0.107	0.107	0.108	0.109	0.109	0.11	0.11	0.11	0.111	0.111	0.112	0.112	0.112	0.112	0.112	0.113	0.113	0.114	0.113	0.115	0.115	0.115	0.116	0.115	0.116	0.115	0.115	0.116	0.117	0.119	0.118	0.118	0.119	0.12	0.12	0.119	0.119	0.118	0.118	0.118	0.118	0.119	0.12	0.12	0.12	0.12	0.121	0.12	0.121	0.121	0.122	0.123	0.122	0.124	0.124	0.123	0.124	0.125	0.125	0.125	0.125	0.125	0.125	0.124	0.126	0.125	0.126	0.126	0.126	0.126	0.127	0.127	0.126	0.128	0.127	0.127	0.128	0.129	0.128	0.129	0.129	0.13	0.131	0.13	0.13	0.13	0.13
D6	0.101	0.103	0.105	0.106	0.107	0.109	0.109	0.108	0.108	0.109	0.108	0.109	0.11	0.11	0.111	0.11	0.109	0.111	0.111	0.112	0.112	0.111	0.111	0.111	0.112	0.113	0.113	0.112	0.114	0.114	0.114	0.113	0.113	0.114	0.113	0.113	0.114	0.115	0.116	0.116	0.117	0.117	0.118	0.118	0.118	0.118	0.118	0.117	0.117	0.117	0.119	0.119	0.12	0.12	0.119	0.119	0.118	0.121	0.121	0.121	0.122	0.122	0.123	0.123	0.123	0.124	0.125	0.125	0.125	0.126	0.125	0.126	0.125	0.126	0.126	0.127	0.126	0.127	0.128	0.128	0.129	0.128	0.129	0.129	0.129	0.131	0.131	0.131	0.132	0.133	0.134	0.135	0.133	0.134	0.135	0.135
D7	0.103	0.105	0.107	0.11	0.114	0.119	0.124	0.129	0.135	0.141	0.149	0.156	0.162	0.169	0.179	0.192	0.204	0.222	0.244	0.274	0.306	0.335	0.357	0.385	0.416	0.449	0.483	0.512	0.555	0.594	0.632	0.669	0.702	0.736	0.767	0.8	0.832	0.869	0.9	0.927	0.948	0.973	0.995	1.012	1.031	1.044	1.061	1.078	1.091	1.107	1.119	1.129	1.144	1.157	1.156	1.17	1.178	1.18	1.197	1.203	1.206	1.213	1.22	1.224	1.23	1.239	1.23	1.239	1.248	1.249	1.25	1.248	1.255	1.252	1.258	1.257	1.262	1.265	1.259	1.259	1.252	1.244	1.242	1.248	1.238	1.236	1.234	1.238	1.232	1.235	1.232	1.233	1.24	1.234	1.241	1.241
D8	0.102	0.104	0.106	0.11	0.113	0.117	0.122	0.127	0.132	0.137	0.145	0.152	0.159	0.167	0.178	0.191	0.204	0.225	0.248	0.277	0.307	0.332	0.356	0.387	0.42	0.461	0.498	0.534	0.579	0.621	0.666	0.699	0.735	0.773	0.802	0.835	0.861	0.893	0.918	0.935	0.953	0.966	0.984	0.994	1.012	1.026	1.039	1.054	1.062	1.077	1.088	1.101	1.108	1.127	1.133	1.148	1.145	1.153	1.159	1.165	1.172	1.171	1.186	1.189	1.188	1.193	1.189	1.201	1.198	1.203	1.202	1.203	1.208	1.208	1.21	1.214	1.213	1.215	1.205	1.205	1.205	1.195	1.195	1.196	1.194	1.196	1.188	1.197	1.193	1.191	1.198	1.196	1.196	1.191	1.197	1.196
D9	0.103	0.105	0.108	0.11	0.114	0.118	0.122	0.128	0.133	0.137	0.145	0.153	0.16	0.167	0.179	0.19	0.205	0.221	0.241	0.262	0.285	0.308	0.332	0.365	0.399	0.434	0.474	0.51	0.554	0.596	0.633	0.667	0.702	0.735	0.761	0.794	0.814	0.841	0.867	0.879	0.892	0.903	0.923	0.931	0.944	0.948	0.966	0.98	0.984	1.012	1.018	1.035	1.042	1.056	1.057	1.067	1.082	1.08	1.093	1.101	1.101	1.105	1.116	1.12	1.121	1.126	1.115	1.134	1.134	1.144	1.14	1.142	1.147	1.151	1.151	1.154	1.16	1.163	1.151	1.147	1.151	1.148	1.137	1.15	1.145	1.141	1.14	1.148	1.147	1.14	1.141	1.141	1.15	1.145	1.155	1.152
D10	0.09	0.09	0.09	0.09	0.09	0.09	0.09	0.09	0.09	0.09	0.09	0.09	0.091	0.09	0.091	0.091	0.091	0.091	0.091	0.091	0.091	0.091	0.091	0.091	0.091	0.091	0.091	0.091	0.091	0.091	0.091	0.091	0.091	0.091	0.091	0.091	0.091	0.092	0.092	0.092	0.092	0.092	0.092	0.092	0.092	0.092	0.092	0.093	0.092	0.092	0.092	0.092	0.092	0.092	0.092	0.092	0.092	0.092	0.092	0.092	0.092	0.092	0.092	0.093	0.093	0.093	0.093	0.093	0.093	0.093	0.092	0.093	0.093	0.092	0.092	0.092	0.092	0.092	0.092	0.093	0.093	0.092	0.092	0.092	0.092	0.093	0.092	0.092	0.092	0.093	0.093	0.093	0.093	0.093	0.093	0.093
D11	0.089	0.09	0.09	0.09	0.09	0.09	0.09	0.09	0.09	0.09	0.09	0.09	0.09	0.09	0.09	0.091	0.091	0.091	0.09	0.091	0.091	0.091	0.091	0.091	0.091	0.091	0.091	0.091	0.091	0.091	0.091	0.091	0.091	0.091	0.091	0.091	0.091	0.091	0.091	0.091	0.091	0.091	0.091	0.091	0.091	0.091	0.091	0.091	0.091	0.091	0.091	0.091	0.091	0.091	0.091	0.091	0.091	0.091	0.091	0.091	0.092	0.092	0.092	0.092	0.092	0.092	0.092	0.092	0.092	0.092	0.092	0.092	0.092	0.092	0.092	0.092	0.092	0.092	0.092	0.092	0.092	0.092	0.092	0.092	0.092	0.092	0.092	0.092	0.092	0.092	0.092	0.092	0.092	0.092	0.092	0.092
D12	0.091	0.091	0.093	0.094	0.094	0.094	0.094	0.094	0.095	0.094	0.095	0.095	0.095	0.095	0.095	0.095	0.095	0.095	0.095	0.095	0.095	0.095	0.095	0.095	0.095	0.095	0.095	0.095	0.095	0.095	0.095	0.095	0.095	0.095	0.095	0.095	0.095	0.095	0.095	0.096	0.095	0.095	0.095	0.095	0.095	0.096	0.096	0.096	0.096	0.096	0.096	0.096	0.096	0.096	0.096	0.096	0.096	0.096	0.096	0.096	0.096	0.096	0.096	0.096	0.096	0.096	0.096	0.096	0.096	0.096	0.096	0.096	0.096	0.096	0.096	0.096	0.096	0.096	0.096	0.096	0.096	0.096	0.096	0.096	0.096	0.096	0.096	0.096	0.096	0.096	0.096	0.096	0.096	0.096	0.096	0.096
E1	0.101	0.103	0.106	0.11	0.113	0.117	0.121	0.128	0.135	0.144	0.155	0.165	0.177	0.191	0.206	0.222	0.239	0.262	0.29	0.323	0.36	0.398	0.424	0.464	0.502	0.548	0.587	0.622	0.674	0.711	0.748	0.782	0.816	0.852	0.88	0.905	0.939	0.964	0.99	1.013	1.039	1.06	1.082	1.109	1.127	1.157	1.182	1.206	1.232	1.254	1.278	1.298	1.316	1.33	1.343	1.354	1.362	1.369	1.373	1.378	1.382	1.385	1.389	1.391	1.393	1.394	1.392	1.393	1.396	1.398	1.4	1.4	1.4	1.401	1.402	1.403	1.403	1.401	1.403	1.403	1.404	1.403	1.404	1.404	1.404	1.402	1.403	1.404	1.403	1.404	1.405	1.404	1.404	1.404	1.404	1.405
E2	0.098	0.1	0.101	0.103	0.105	0.11	0.111	0.116	0.121	0.127	0.134	0.141	0.148	0.156	0.165	0.177	0.189	0.203	0.218	0.233	0.251	0.269	0.29	0.315	0.349	0.399	0.436	0.468	0.515	0.561	0.61	0.646	0.689	0.729	0.766	0.791	0.839	0.866	0.897	0.93	0.958	0.982	1.006	1.025	1.04	1.052	1.072	1.079	1.094	1.105	1.109	1.118	1.123	1.131	1.132	1.128	1.131	1.127	1.126	1.127	1.124	1.122	1.118	1.117	1.117	1.116	1.113	1.113	1.114	1.115	1.115	1.113	1.113	1.115	1.115	1.115	1.115	1.115	1.115	1.116	1.117	1.115	1.117	1.119	1.119	1.117	1.119	1.119	1.12	1.119	1.121	1.121	1.124	1.124	1.125	1.126
E3	0.098	0.1	0.101	0.103	0.105	0.108	0.111	0.114	0.12	0.126	0.133	0.141	0.149	0.158	0.167	0.18	0.193	0.212	0.236	0.266	0.297	0.325	0.352	0.392	0.425	0.457	0.491	0.523	0.573	0.611	0.657	0.691	0.732	0.772	0.812	0.842	0.887	0.917	0.948	0.976	1.008	1.034	1.059	1.08	1.099	1.111	1.126	1.14	1.148	1.159	1.169	1.176	1.18	1.186	1.192	1.198	1.196	1.197	1.191	1.192	1.192	1.191	1.188	1.184	1.181	1.182	1.181	1.177	1.178	1.18	1.178	1.177	1.179	1.18	1.177	1.181	1.176	1.178	1.18	1.18	1.181	1.178	1.18	1.179	1.181	1.179	1.18	1.18	1.182	1.183	1.185	1.185	1.186	1.185	1.185	1.188
E4	0.098	0.099	0.1	0.1	0.101	0.103	0.103	0.103	0.104	0.105	0.104	0.105	0.106	0.106	0.106	0.106	0.106	0.107	0.107	0.107	0.108	0.108	0.107	0.107	0.108	0.108	0.108	0.108	0.108	0.108	0.108	0.108	0.108	0.108	0.108	0.108	0.108	0.108	0.109	0.109	0.109	0.109	0.109	0.11	0.109	0.11	0.109	0.109	0.109	0.108	0.109	0.109	0.109	0.109	0.109	0.109	0.109	0.109	0.109	0.109	0.109	0.109	0.11	0.11	0.11	0.11	0.11	0.11	0.111	0.111	0.11	0.111	0.111	0.111	0.111	0.111	0.111	0.111	0.111	0.112	0.112	0.111	0.112	0.112	0.112	0.112	0.112	0.112	0.113	0.112	0.112	0.113	0.112	0.113	0.113	0.113
E5	0.098	0.099	0.101	0.103	0.105	0.107	0.108	0.109	0.111	0.114	0.119	0.126	0.132	0.137	0.144	0.149	0.154	0.162	0.166	0.173	0.177	0.181	0.187	0.191	0.196	0.201	0.206	0.208	0.214	0.218	0.221	0.225	0.228	0.231	0.233	0.235	0.241	0.243	0.247	0.248	0.25	0.254	0.257	0.259	0.26	0.262	0.263	0.265	0.268	0.267	0.27	0.273	0.273	0.276	0.276	0.279	0.278	0.282	0.282	0.283	0.286	0.285	0.288	0.289	0.287	0.291	0.291	0.29	0.293	0.293	0.296	0.296	0.295	0.298	0.299	0.3	0.3	0.299	0.303	0.304	0.306	0.304	0.305	0.308	0.308	0.305	0.309	0.308	0.309	0.309	0.312	0.312	0.314	0.312	0.312	0.314
E6	0.097	0.098	0.099	0.099	0.1	0.102	0.103	0.103	0.103	0.104	0.105	0.106	0.107	0.108	0.109	0.109	0.109	0.111	0.111	0.112	0.113	0.113	0.112	0.113	0.114	0.114	0.115	0.114	0.116	0.116	0.116	0.116	0.116	0.117	0.116	0.116	0.118	0.118	0.12	0.12	0.12	0.121	0.121	0.121	0.121	0.122	0.121	0.12	0.12	0.119	0.121	0.122	0.122	0.122	0.122	0.122	0.12	0.123	0.123	0.123	0.124	0.124	0.125	0.125	0.124	0.125	0.126	0.126	0.126	0.127	0.126	0.127	0.126	0.126	0.127	0.128	0.126	0.127	0.127	0.128	0.129	0.128	0.129	0.129	0.128	0.128	0.13	0.129	0.13	0.13	0.131	0.132	0.13	0.13	0.131	0.132
E7	0.101	0.101	0.103	0.105	0.107	0.112	0.113	0.118	0.122	0.127	0.134	0.141	0.149	0.158	0.169	0.184	0.199	0.218	0.239	0.264	0.292	0.312	0.343	0.399	0.436	0.48	0.525	0.557	0.616	0.659	0.706	0.748	0.787	0.833	0.873	0.909	0.953	0.991	1.027	1.058	1.087	1.116	1.143	1.171	1.193	1.216	1.234	1.249	1.266	1.277	1.286	1.294	1.301	1.311	1.314	1.323	1.326	1.333	1.339	1.344	1.347	1.353	1.355	1.359	1.363	1.366	1.367	1.368	1.375	1.377	1.38	1.381	1.384	1.387	1.39	1.392	1.397	1.399	1.401	1.405	1.407	1.411	1.414	1.418	1.421	1.423	1.427	1.432	1.436	1.436	1.44	1.442	1.445	1.448	1.451	1.451
E8	0.1	0.102	0.103	0.105	0.109	0.112	0.117	0.121	0.127	0.13	0.139	0.148	0.156	0.165	0.177	0.191	0.205	0.224	0.244	0.271	0.299	0.328	0.357	0.392	0.432	0.483	0.524	0.563	0.62	0.66	0.713	0.748	0.787	0.831	0.873	0.907	0.949	0.983	1.021	1.044	1.074	1.105	1.129	1.157	1.184	1.204	1.22	1.238	1.251	1.259	1.267	1.278	1.283	1.296	1.3	1.312	1.312	1.322	1.328	1.334	1.34	1.344	1.349	1.352	1.356	1.359	1.362	1.362	1.365	1.368	1.371	1.373	1.375	1.378	1.381	1.386	1.388	1.39	1.394	1.397	1.4	1.405	1.407	1.412	1.414	1.418	1.421	1.426	1.43	1.432	1.437	1.439	1.441	1.446	1.447	1.449
E9	0.099	0.101	0.102	0.104	0.107	0.111	0.115	0.119	0.124	0.129	0.137	0.146	0.154	0.163	0.176	0.189	0.204	0.221	0.239	0.261	0.291	0.323	0.353	0.387	0.423	0.466	0.507	0.539	0.591	0.635	0.681	0.722	0.765	0.805	0.845	0.885	0.923	0.958	0.995	1.023	1.05	1.077	1.106	1.132	1.158	1.177	1.198	1.213	1.225	1.24	1.249	1.258	1.264	1.272	1.275	1.287	1.291	1.301	1.307	1.313	1.318	1.324	1.329	1.332	1.337	1.341	1.342	1.346	1.351	1.354	1.357	1.36	1.361	1.364	1.366	1.371	1.373	1.376	1.38	1.382	1.387	1.39	1.393	1.398	1.401	1.402	1.408	1.412	1.415	1.417	1.422	1.425	1.427	1.431	1.435	1.436
E10	0.089	0.089	0.089	0.089	0.089	0.089	0.089	0.09	0.09	0.09	0.09	0.09	0.09	0.09	0.09	0.09	0.09	0.09	0.09	0.09	0.09	0.091	0.09	0.09	0.09	0.09	0.091	0.09	0.091	0.091	0.091	0.091	0.091	0.091	0.091	0.091	0.091	0.091	0.091	0.091	0.091	0.091	0.091	0.091	0.091	0.091	0.091	0.091	0.091	0.091	0.091	0.091	0.091	0.091	0.091	0.091	0.091	0.091	0.091	0.091	0.091	0.091	0.091	0.091	0.091	0.091	0.091	0.091	0.092	0.091	0.092	0.092	0.092	0.092	0.092	0.092	0.092	0.092	0.091	0.092	0.092	0.092	0.092	0.092	0.092	0.092	0.092	0.092	0.092	0.092	0.092	0.092	0.092	0.092	0.092	0.092
E11	0.089	0.089	0.089	0.089	0.089	0.089	0.089	0.089	0.09	0.09	0.09	0.09	0.09	0.09	0.09	0.09	0.09	0.09	0.09	0.09	0.09	0.091	0.09	0.09	0.091	0.09	0.09	0.091	0.091	0.091	0.091	0.091	0.091	0.091	0.091	0.091	0.091	0.091	0.091	0.091	0.091	0.091	0.091	0.091	0.091	0.091	0.091	0.091	0.091	0.091	0.091	0.091	0.091	0.091	0.091	0.091	0.091	0.091	0.091	0.091	0.091	0.091	0.091	0.091	0.091	0.091	0.092	0.092	0.092	0.092	0.092	0.092	0.092	0.092	0.092	0.092	0.092	0.092	0.092	0.092	0.092	0.092	0.092	0.092	0.092	0.092	0.092	0.092	0.092	0.092	0.092	0.092	0.092	0.092	0.092	0.092
E12	0.091	0.092	0.094	0.095	0.095	0.096	0.096	0.096	0.096	0.096	0.096	0.096	0.096	0.096	0.096	0.096	0.097	0.097	0.097	0.096	0.097	0.097	0.097	0.097	0.097	0.097	0.097	0.097	0.097	0.097	0.097	0.097	0.097	0.097	0.097	0.097	0.097	0.097	0.097	0.097	0.097	0.097	0.097	0.097	0.097	0.097	0.097	0.097	0.097	0.097	0.097	0.097	0.097	0.097	0.097	0.097	0.097	0.097	0.097	0.097	0.097	0.097	0.097	0.097	0.097	0.097	0.097	0.097	0.097	0.097	0.097	0.097	0.097	0.097	0.097	0.097	0.097	0.097	0.097	0.097	0.097	0.097	0.097	0.097	0.097	0.097	0.097	0.097	0.097	0.097	0.097	0.097	0.097	0.097	0.097	0.097
F1	0.092	0.095	0.096	0.099	0.101	0.103	0.106	0.109	0.114	0.117	0.121	0.126	0.13	0.136	0.142	0.15	0.155	0.163	0.176	0.184	0.198	0.211	0.223	0.23	0.248	0.268	0.283	0.296	0.314	0.331	0.349	0.367	0.377	0.397	0.413	0.433	0.447	0.458	0.47	0.48	0.495	0.499	0.51	0.51	0.522	0.525	0.528	0.528	0.532	0.534	0.541	0.543	0.543	0.546	0.547	0.556	0.553	0.557	0.557	0.559	0.558	0.56	0.557	0.558	0.557	0.56	0.56	0.558	0.558	0.562	0.555	0.561	0.556	0.555	0.555	0.555	0.549	0.548	0.546	0.548	0.542	0.542	0.541	0.537	0.531	0.53	0.531	0.53	0.527	0.522	0.525	0.523	0.518	0.516	0.514	0.511
F2	0.092	0.094	0.096	0.098	0.101	0.102	0.105	0.108	0.111	0.115	0.118	0.122	0.128	0.133	0.138	0.145	0.154	0.166	0.174	0.184	0.198	0.213	0.227	0.243	0.259	0.278	0.295	0.317	0.34	0.355	0.375	0.403	0.41	0.435	0.452	0.467	0.48	0.496	0.51	0.517	0.527	0.535	0.54	0.545	0.557	0.558	0.561	0.56	0.562	0.565	0.567	0.571	0.566	0.569	0.573	0.573	0.573	0.574	0.574	0.575	0.576	0.573	0.573	0.572	0.57	0.568	0.567	0.566	0.566	0.565	0.562	0.56	0.559	0.554	0.553	0.55	0.546	0.545	0.545	0.543	0.541	0.536	0.536	0.533	0.529	0.526	0.523	0.523	0.522	0.511	0.512	0.508	0.506	0.502	0.501	0.495
F3	0.095	0.097	0.099	0.101	0.102	0.104	0.105	0.107	0.112	0.115	0.119	0.123	0.127	0.132	0.136	0.142	0.146	0.161	0.165	0.174	0.185	0.196	0.206	0.22	0.231	0.247	0.261	0.274	0.293	0.31	0.327	0.346	0.354	0.377	0.392	0.403	0.414	0.431	0.445	0.448	0.463	0.464	0.472	0.476	0.488	0.488	0.491	0.491	0.492	0.492	0.492	0.496	0.495	0.495	0.498	0.502	0.501	0.501	0.502	0.504	0.506	0.502	0.503	0.502	0.502	0.498	0.503	0.5	0.498	0.499	0.496	0.497	0.493	0.499	0.493	0.498	0.488	0.489	0.487	0.488	0.488	0.484	0.485	0.482	0.477	0.472	0.474	0.474	0.475	0.469	0.47	0.469	0.464	0.464	0.459	0.456
F4	0.084	0.084	0.084	0.084	0.084	0.085	0.085	0.085	0.085	0.085	0.085	0.085	0.085	0.085	0.085	0.085	0.085	0.085	0.085	0.085	0.085	0.085	0.085	0.085	0.085	0.085	0.085	0.085	0.085	0.085	0.085	0.085	0.084	0.084	0.084	0.084	0.084	0.085	0.085	0.085	0.085	0.085	0.084	0.085	0.084	0.084	0.084	0.084	0.084	0.084	0.084	0.084	0.084	0.084	0.084	0.084	0.084	0.084	0.084	0.084	0.084	0.084	0.084	0.084	0.084	0.084	0.084	0.084	0.084	0.084	0.084	0.084	0.084	0.084	0.084	0.084	0.084	0.084	0.084	0.084	0.084	0.084	0.084	0.084	0.084	0.084	0.084	0.084	0.084	0.084	0.084	0.084	0.084	0.084	0.084	0.084
F5	0.084	0.083	0.083	0.083	0.083	0.083	0.084	0.084	0.084	0.084	0.084	0.084	0.084	0.084	0.084	0.084	0.084	0.084	0.084	0.084	0.084	0.084	0.084	0.084	0.084	0.084	0.084	0.084	0.084	0.084	0.084	0.084	0.084	0.084	0.084	0.084	0.084	0.084	0.084	0.084	0.084	0.084	0.084	0.084	0.084	0.084	0.084	0.084	0.084	0.084	0.084	0.084	0.084	0.084	0.084	0.084	0.084	0.084	0.084	0.084	0.084	0.084	0.084	0.084	0.084	0.084	0.084	0.084	0.084	0.084	0.084	0.084	0.084	0.084	0.084	0.084	0.084	0.084	0.084	0.084	0.084	0.084	0.084	0.084	0.084	0.084	0.084	0.084	0.084	0.084	0.084	0.084	0.084	0.084	0.084	0.084
F6	0.082	0.082	0.082	0.082	0.082	0.082	0.082	0.082	0.082	0.082	0.082	0.083	0.083	0.082	0.082	0.082	0.082	0.082	0.082	0.083	0.083	0.083	0.082	0.082	0.082	0.082	0.082	0.082	0.082	0.082	0.082	0.082	0.082	0.082	0.082	0.082	0.082	0.082	0.082	0.082	0.082	0.082	0.082	0.082	0.082	0.082	0.082	0.082	0.082	0.082	0.082	0.082	0.082	0.082	0.082	0.082	0.082	0.082	0.082	0.082	0.082	0.082	0.082	0.082	0.082	0.082	0.082	0.082	0.082	0.082	0.082	0.082	0.082	0.082	0.082	0.082	0.082	0.082	0.082	0.082	0.082	0.082	0.082	0.082	0.082	0.082	0.082	0.082	0.082	0.082	0.082	0.082	0.082	0.082	0.082	0.082
F7	0.093	0.094	0.095	0.096	0.098	0.099	0.1	0.101	0.103	0.104	0.107	0.11	0.112	0.116	0.12	0.123	0.127	0.133	0.135	0.14	0.142	0.164	0.154	0.172	0.173	0.194	0.196	0.2	0.219	0.227	0.234	0.256	0.24	0.284	0.257	0.286	0.324	0.331	0.302	0.323	0.348	0.307	0.348	0.349	0.341	0.315	0.351	0.343	0.333	0.33	0.345	0.343	0.354	0.32	0.341	0.342	0.368	0.354	0.341	0.373	0.337	0.352	0.368	0.348	0.365	0.369	0.361	0.378	0.362	0.373	0.376	0.376	0.353	0.369	0.348	0.344	0.352	0.349	0.373	0.364	0.362	0.369	0.344	0.348	0.368	0.354	0.374	0.358	0.373	0.357	0.358	0.373	0.384	0.359	0.361	0.386
F8	0.094	0.096	0.097	0.098	0.1	0.101	0.104	0.106	0.108	0.109	0.112	0.115	0.118	0.123	0.128	0.133	0.138	0.142	0.146	0.149	0.157	0.164	0.186	0.185	0.182	0.19	0.194	0.204	0.215	0.223	0.248	0.239	0.253	0.284	0.311	0.293	0.302	0.332	0.327	0.331	0.358	0.362	0.352	0.359	0.359	0.347	0.36	0.372	0.359	0.356	0.365	0.379	0.365	0.365	0.364	0.368	0.364	0.381	0.374	0.373	0.372	0.366	0.374	0.387	0.373	0.371	0.381	0.368	0.383	0.382	0.376	0.374	0.386	0.383	0.392	0.398	0.38	0.388	0.387	0.399	0.391	0.392	0.392	0.39	0.382	0.383	0.389	0.388	0.381	0.394	0.378	0.387	0.392	0.384	0.396	0.389
F9	0.093	0.094	0.095	0.096	0.098	0.1	0.102	0.104	0.107	0.108	0.111	0.115	0.118	0.122	0.127	0.131	0.136	0.141	0.147	0.153	0.159	0.165	0.172	0.181	0.189	0.208	0.217	0.228	0.257	0.248	0.262	0.276	0.29	0.308	0.344	0.348	0.361	0.371	0.383	0.393	0.402	0.402	0.407	0.416	0.416	0.419	0.419	0.418	0.421	0.429	0.425	0.447	0.429	0.43	0.429	0.435	0.432	0.443	0.438	0.441	0.44	0.444	0.446	0.444	0.45	0.446	0.451	0.454	0.453	0.453	0.455	0.457	0.461	0.461	0.458	0.464	0.463	0.459	0.461	0.46	0.461	0.462	0.46	0.461	0.464	0.454	0.463	0.463	0.47	0.46	0.462	0.465	0.463	0.465	0.464	0.46
F10	0.082	0.082	0.082	0.082	0.082	0.082	0.082	0.082	0.082	0.082	0.082	0.082	0.082	0.082	0.082	0.082	0.082	0.082	0.082	0.082	0.082	0.082	0.082	0.082	0.082	0.082	0.082	0.082	0.082	0.082	0.082	0.082	0.082	0.082	0.082	0.082	0.082	0.082	0.082	0.082	0.082	0.082	0.082	0.082	0.082	0.082	0.082	0.082	0.082	0.082	0.082	0.082	0.082	0.082	0.082	0.082	0.082	0.082	0.082	0.082	0.082	0.082	0.082	0.082	0.082	0.082	0.082	0.082	0.082	0.082	0.082	0.082	0.082	0.082	0.082	0.082	0.082	0.082	0.082	0.082	0.082	0.082	0.082	0.082	0.082	0.082	0.082	0.082	0.082	0.082	0.082	0.082	0.082	0.082	0.082	0.082
F11	0.083	0.083	0.083	0.083	0.083	0.083	0.083	0.083	0.083	0.083	0.083	0.083	0.083	0.083	0.083	0.083	0.083	0.083	0.083	0.083	0.083	0.084	0.083	0.083	0.083	0.083	0.083	0.083	0.083	0.083	0.084	0.083	0.083	0.083	0.084	0.083	0.083	0.083	0.084	0.084	0.084	0.084	0.083	0.083	0.083	0.083	0.083	0.083	0.083	0.083	0.083	0.083	0.083	0.084	0.084	0.083	0.083	0.083	0.084	0.083	0.084	0.084	0.083	0.083	0.084	0.084	0.084	0.084	0.084	0.084	0.084	0.084	0.084	0.083	0.083	0.084	0.083	0.084	0.083	0.084	0.083	0.083	0.084	0.084	0.083	0.084	0.083	0.083	0.083	0.083	0.083	0.084	0.083	0.084	0.083	0.083
F12	0.084	0.084	0.084	0.084	0.084	0.084	0.084	0.084	0.084	0.084	0.084	0.084	0.084	0.084	0.084	0.084	0.084	0.084	0.084	0.084	0.084	0.084	0.084	0.084	0.084	0.084	0.084	0.084	0.084	0.084	0.084	0.084	0.084	0.084	0.084	0.084	0.084	0.084	0.084	0.084	0.084	0.084	0.084	0.084	0.084	0.084	0.084	0.084	0.084	0.083	0.084	0.084	0.083	0.083	0.084	0.083	0.084	0.084	0.084	0.084	0.084	0.084	0.084	0.084	0.084	0.084	0.084	0.084	0.084	0.084	0.084	0.084	0.084	0.084	0.084	0.084	0.084	0.084	0.083	0.084	0.084	0.084	0.084	0.083	0.084	0.084	0.084	0.083	0.083	0.083	0.084	0.084	0.084	0.083	0.084	0.084
G1	0.092	0.094	0.096	0.098	0.101	0.104	0.107	0.11	0.115	0.119	0.124	0.128	0.132	0.139	0.145	0.153	0.161	0.172	0.181	0.195	0.203	0.225	0.241	0.258	0.278	0.296	0.32	0.346	0.366	0.385	0.414	0.435	0.453	0.479	0.499	0.525	0.531	0.548	0.562	0.564	0.584	0.588	0.59	0.594	0.612	0.619	0.624	0.633	0.637	0.647	0.65	0.659	0.66	0.667	0.671	0.676	0.68	0.686	0.687	0.69	0.697	0.695	0.696	0.7	0.701	0.705	0.708	0.713	0.712	0.718	0.717	0.719	0.72	0.722	0.722	0.728	0.726	0.727	0.729	0.731	0.73	0.733	0.737	0.733	0.737	0.736	0.739	0.74	0.742	0.738	0.745	0.743	0.743	0.747	0.745	0.747
G2	0.09	0.091	0.092	0.094	0.096	0.098	0.1	0.102	0.106	0.11	0.114	0.117	0.12	0.124	0.128	0.135	0.14	0.142	0.147	0.156	0.165	0.176	0.182	0.192	0.202	0.211	0.226	0.241	0.251	0.265	0.279	0.299	0.313	0.335	0.353	0.372	0.383	0.405	0.417	0.432	0.447	0.461	0.471	0.481	0.494	0.499	0.504	0.515	0.514	0.519	0.518	0.52	0.519	0.522	0.525	0.528	0.529	0.533	0.535	0.537	0.541	0.541	0.544	0.545	0.546	0.548	0.548	0.549	0.551	0.551	0.551	0.551	0.554	0.551	0.553	0.555	0.556	0.557	0.557	0.555	0.555	0.557	0.561	0.558	0.562	0.561	0.56	0.561	0.561	0.56	0.559	0.561	0.561	0.563	0.566	0.566
G3	0.093	0.095	0.097	0.098	0.1	0.102	0.103	0.106	0.109	0.113	0.115	0.119	0.123	0.126	0.129	0.134	0.139	0.143	0.148	0.154	0.162	0.177	0.185	0.195	0.201	0.21	0.223	0.241	0.253	0.271	0.288	0.306	0.322	0.343	0.363	0.38	0.397	0.416	0.432	0.447	0.463	0.476	0.488	0.499	0.508	0.512	0.518	0.524	0.524	0.526	0.527	0.53	0.531	0.532	0.535	0.54	0.544	0.543	0.546	0.546	0.548	0.548	0.551	0.554	0.552	0.552	0.554	0.555	0.557	0.556	0.554	0.555	0.553	0.555	0.552	0.556	0.555	0.554	0.558	0.554	0.554	0.554	0.556	0.555	0.554	0.555	0.557	0.556	0.556	0.559	0.557	0.558	0.558	0.557	0.558	0.56
G4	0.083	0.083	0.083	0.083	0.083	0.083	0.083	0.083	0.084	0.083	0.083	0.084	0.084	0.083	0.084	0.084	0.084	0.084	0.083	0.084	0.084	0.084	0.083	0.083	0.083	0.083	0.084	0.083	0.083	0.083	0.084	0.083	0.083	0.083	0.083	0.083	0.083	0.083	0.083	0.083	0.083	0.083	0.083	0.083	0.083	0.083	0.083	0.083	0.083	0.083	0.083	0.083	0.083	0.083	0.083	0.083	0.083	0.083	0.083	0.083	0.083	0.083	0.083	0.083	0.083	0.083	0.083	0.083	0.083	0.083	0.083	0.083	0.083	0.083	0.083	0.083	0.083	0.083	0.083	0.083	0.083	0.083	0.083	0.083	0.083	0.083	0.083	0.083	0.083	0.083	0.083	0.083	0.083	0.083	0.083	0.083
G5	0.088	0.088	0.088	0.088	0.088	0.088	0.088	0.088	0.088	0.088	0.088	0.088	0.088	0.088	0.088	0.088	0.088	0.088	0.088	0.088	0.088	0.088	0.088	0.088	0.088	0.088	0.088	0.088	0.088	0.088	0.088	0.088	0.088	0.088	0.088	0.087	0.088	0.088	0.088	0.088	0.088	0.088	0.088	0.088	0.087	0.088	0.087	0.087	0.087	0.087	0.087	0.087	0.087	0.087	0.087	0.087	0.087	0.087	0.087	0.087	0.087	0.087	0.087	0.087	0.087	0.087	0.087	0.087	0.087	0.087	0.087	0.087	0.087	0.087	0.087	0.087	0.087	0.087	0.087	0.087	0.087	0.087	0.087	0.087	0.087	0.087	0.087	0.086	0.087	0.086	0.087	0.087	0.086	0.086	0.086	0.086
G6	0.085	0.086	0.085	0.086	0.086	0.086	0.086	0.087	0.087	0.087	0.086	0.087	0.087	0.087	0.087	0.087	0.087	0.087	0.087	0.087	0.087	0.087	0.086	0.086	0.086	0.086	0.086	0.086	0.087	0.086	0.086	0.086	0.086	0.086	0.086	0.086	0.086	0.086	0.086	0.086	0.086	0.086	0.086	0.086	0.086	0.086	0.086	0.086	0.086	0.086	0.086	0.086	0.086	0.086	0.086	0.086	0.086	0.086	0.086	0.086	0.086	0.086	0.086	0.086	0.086	0.086	0.086	0.086	0.086	0.086	0.086	0.086	0.086	0.086	0.086	0.086	0.086	0.086	0.086	0.086	0.086	0.086	0.086	0.086	0.086	0.086	0.086	0.086	0.086	0.086	0.086	0.086	0.086	0.086	0.086	0.086
G7	0.092	0.093	0.095	0.096	0.098	0.099	0.1	0.101	0.103	0.105	0.107	0.11	0.113	0.116	0.119	0.123	0.126	0.13	0.134	0.139	0.142	0.15	0.163	0.169	0.183	0.189	0.184	0.194	0.178	0.197	0.21	0.192	0.214	0.207	0.223	0.231	0.236	0.219	0.204	0.237	0.241	0.247	0.245	0.245	0.246	0.241	0.242	0.244	0.243	0.243	0.24	0.243	0.239	0.244	0.237	0.247	0.243	0.233	0.242	0.244	0.241	0.244	0.247	0.24	0.236	0.237	0.247	0.241	0.245	0.241	0.237	0.238	0.244	0.243	0.235	0.243	0.239	0.244	0.241	0.241	0.24	0.245	0.241	0.24	0.229	0.246	0.239	0.242	0.239	0.243	0.243	0.236	0.24	0.239	0.239	0.235
G8	0.093	0.094	0.096	0.097	0.099	0.1	0.101	0.103	0.105	0.107	0.108	0.11	0.113	0.116	0.12	0.124	0.127	0.131	0.134	0.138	0.142	0.146	0.17	0.153	0.168	0.178	0.172	0.185	0.185	0.188	0.201	0.204	0.206	0.208	0.226	0.202	0.225	0.209	0.215	0.221	0.228	0.214	0.206	0.238	0.234	0.217	0.225	0.194	0.202	0.235	0.194	0.238	0.234	0.235	0.238	0.207	0.235	0.247	0.234	0.241	0.235	0.235	0.247	0.238	0.234	0.235	0.236	0.246	0.235	0.237	0.251	0.252	0.236	0.242	0.249	0.234	0.247	0.234	0.236	0.234	0.239	0.247	0.245	0.234	0.235	0.235	0.248	0.241	0.237	0.234	0.234	0.233	0.232	0.233	0.233	0.238
G9	0.094	0.095	0.097	0.098	0.1	0.101	0.103	0.105	0.107	0.109	0.112	0.114	0.117	0.121	0.124	0.128	0.132	0.135	0.139	0.142	0.146	0.149	0.158	0.17	0.172	0.169	0.183	0.186	0.173	0.191	0.205	0.207	0.219	0.222	0.218	0.233	0.235	0.241	0.243	0.254	0.246	0.248	0.255	0.244	0.2	0.245	0.265	0.245	0.24	0.198	0.244	0.246	0.242	0.246	0.196	0.237	0.217	0.241	0.243	0.241	0.242	0.25	0.245	0.196	0.253	0.252	0.245	0.253	0.241	0.245	0.244	0.243	0.244	0.243	0.259	0.241	0.245	0.241	0.24	0.245	0.24	0.248	0.245	0.196	0.242	0.252	0.244	0.194	0.238	0.238	0.24	0.243	0.239	0.244	0.243	0.238
G10	0.082	0.083	0.083	0.083	0.083	0.083	0.083	0.083	0.083	0.083	0.083	0.083	0.083	0.083	0.083	0.083	0.083	0.083	0.083	0.083	0.083	0.083	0.083	0.083	0.083	0.083	0.083	0.083	0.083	0.083	0.084	0.084	0.083	0.083	0.084	0.084	0.084	0.084	0.084	0.084	0.084	0.084	0.084	0.084	0.084	0.084	0.084	0.084	0.084	0.084	0.084	0.084	0.084	0.084	0.084	0.084	0.084	0.084	0.084	0.084	0.084	0.084	0.084	0.084	0.084	0.084	0.084	0.084	0.084	0.084	0.084	0.084	0.084	0.084	0.084	0.084	0.084	0.084	0.084	0.084	0.084	0.084	0.084	0.084	0.084	0.084	0.084	0.084	0.084	0.084	0.084	0.084	0.084	0.084	0.084	0.084
G11	0.084	0.084	0.084	0.084	0.083	0.084	0.084	0.084	0.084	0.083	0.083	0.084	0.084	0.084	0.084	0.084	0.084	0.084	0.083	0.083	0.083	0.084	0.083	0.083	0.083	0.083	0.083	0.083	0.083	0.083	0.083	0.084	0.083	0.083	0.084	0.083	0.083	0.084	0.084	0.084	0.084	0.084	0.084	0.084	0.083	0.083	0.084	0.083	0.084	0.083	0.084	0.084	0.083	0.083	0.084	0.083	0.084	0.084	0.084	0.083	0.083	0.084	0.084	0.084	0.084	0.084	0.084	0.084	0.084	0.084	0.084	0.084	0.084	0.084	0.084	0.084	0.084	0.083	0.083	0.084	0.084	0.083	0.084	0.084	0.084	0.084	0.084	0.083	0.083	0.084	0.084	0.084	0.083	0.083	0.083	0.083
G12	0.082	0.082	0.082	0.082	0.082	0.082	0.082	0.082	0.083	0.082	0.082	0.082	0.083	0.083	0.083	0.082	0.083	0.082	0.082	0.082	0.082	0.083	0.082	0.082	0.082	0.082	0.082	0.082	0.082	0.082	0.082	0.082	0.082	0.082	0.082	0.082	0.082	0.082	0.082	0.082	0.082	0.082	0.082	0.082	0.082	0.082	0.082	0.082	0.082	0.082	0.082	0.082	0.082	0.082	0.082	0.082	0.082	0.082	0.082	0.082	0.082	0.083	0.082	0.082	0.082	0.082	0.083	0.083	0.083	0.082	0.083	0.082	0.082	0.082	0.082	0.083	0.083	0.082	0.082	0.083	0.083	0.082	0.082	0.082	0.082	0.082	0.082	0.082	0.082	0.082	0.082	0.083	0.082	0.082	0.083	0.083
H1	0.096	0.098	0.101	0.103	0.106	0.109	0.113	0.12	0.127	0.132	0.137	0.144	0.151	0.162	0.173	0.188	0.206	0.228	0.263	0.302	0.338	0.377	0.411	0.47	0.523	0.583	0.633	0.692	0.73	0.777	0.82	0.86	0.896	0.916	0.935	0.951	0.966	0.963	1.0	0.998	1.022	1.033	1.065	1.076	1.101	1.117	1.138	1.154	1.181	1.211	1.224	1.24	1.245	1.269	1.285	1.301	1.313	1.339	1.353	1.368	1.381	1.389	1.398	1.402	1.394	1.395	1.395	1.396	1.397	1.402	1.404	1.413	1.422	1.421	1.423	1.429	1.425	1.416	1.411	1.4	1.393	1.395	1.379	1.36	1.355	1.322	1.283	1.248	1.239	1.197	1.177	1.159	1.151	1.121	1.091	1.087
H2	0.096	0.099	0.102	0.104	0.106	0.108	0.113	0.118	0.126	0.132	0.137	0.144	0.151	0.164	0.178	0.196	0.214	0.242	0.285	0.326	0.379	0.426	0.486	0.546	0.613	0.669	0.721	0.768	0.812	0.875	0.9	0.928	0.958	0.965	0.98	0.986	1.002	1.019	1.043	1.053	1.073	1.096	1.127	1.15	1.164	1.192	1.231	1.251	1.281	1.315	1.329	1.333	1.355	1.362	1.369	1.387	1.4	1.403	1.416	1.425	1.43	1.438	1.439	1.447	1.448	1.456	1.458	1.455	1.453	1.452	1.447	1.443	1.441	1.434	1.428	1.422	1.409	1.388	1.369	1.349	1.322	1.292	1.265	1.246	1.222	1.212	1.189	1.179	1.169	1.147	1.137	1.096	1.018	0.929	0.838	0.85
H3	0.096	0.098	0.1	0.101	0.103	0.106	0.11	0.115	0.121	0.126	0.131	0.136	0.143	0.154	0.165	0.179	0.195	0.217	0.242	0.286	0.333	0.38	0.43	0.489	0.542	0.591	0.644	0.685	0.729	0.771	0.814	0.852	0.877	0.91	0.942	0.95	0.967	0.991	1.005	0.999	1.017	1.035	1.05	1.062	1.073	1.089	1.107	1.112	1.12	1.149	1.168	1.187	1.199	1.21	1.236	1.263	1.274	1.296	1.306	1.312	1.327	1.33	1.358	1.365	1.375	1.387	1.401	1.404	1.411	1.417	1.406	1.416	1.421	1.428	1.428	1.436	1.435	1.436	1.439	1.436	1.439	1.431	1.429	1.421	1.414	1.409	1.411	1.401	1.397	1.389	1.38	1.364	1.355	1.339	1.32	1.312
H4	0.083	0.083	0.083	0.083	0.083	0.084	0.084	0.084	0.084	0.084	0.084	0.084	0.085	0.084	0.085	0.084	0.084	0.085	0.084	0.084	0.085	0.084	0.084	0.084	0.084	0.084	0.084	0.084	0.084	0.084	0.084	0.084	0.084	0.084	0.084	0.084	0.084	0.084	0.084	0.084	0.084	0.084	0.084	0.084	0.084	0.084	0.084	0.084	0.084	0.083	0.084	0.084	0.084	0.084	0.084	0.084	0.084	0.084	0.084	0.084	0.084	0.084	0.084	0.084	0.084	0.084	0.084	0.084	0.084	0.083	0.084	0.084	0.084	0.083	0.083	0.084	0.084	0.083	0.083	0.083	0.083	0.083	0.083	0.083	0.083	0.083	0.083	0.083	0.083	0.083	0.083	0.083	0.083	0.083	0.083	0.083
H5	0.084	0.083	0.083	0.083	0.084	0.084	0.084	0.084	0.084	0.084	0.084	0.084	0.084	0.084	0.084	0.084	0.084	0.084	0.084	0.084	0.084	0.084	0.084	0.084	0.084	0.084	0.084	0.084	0.084	0.084	0.084	0.084	0.084	0.084	0.084	0.083	0.084	0.084	0.084	0.084	0.084	0.084	0.084	0.084	0.083	0.083	0.083	0.083	0.083	0.083	0.083	0.083	0.083	0.083	0.083	0.083	0.083	0.083	0.083	0.083	0.083	0.083	0.083	0.083	0.083	0.083	0.083	0.083	0.083	0.083	0.083	0.083	0.083	0.083	0.083	0.083	0.083	0.083	0.083	0.083	0.083	0.083	0.083	0.083	0.083	0.083	0.083	0.083	0.083	0.083	0.083	0.083	0.083	0.083	0.083	0.083
H6	0.082	0.082	0.082	0.082	0.083	0.083	0.083	0.083	0.083	0.083	0.082	0.083	0.084	0.083	0.084	0.082	0.082	0.083	0.082	0.083	0.082	0.082	0.082	0.082	0.082	0.083	0.082	0.082	0.083	0.083	0.083	0.082	0.082	0.082	0.082	0.082	0.082	0.082	0.083	0.082	0.082	0.083	0.083	0.082	0.082	0.082	0.082	0.082	0.082	0.082	0.083	0.082	0.082	0.082	0.082	0.082	0.082	0.082	0.082	0.082	0.083	0.082	0.082	0.082	0.082	0.083	0.082	0.082	0.082	0.082	0.083	0.082	0.082	0.082	0.082	0.083	0.082	0.082	0.082	0.082	0.083	0.082	0.083	0.082	0.082	0.082	0.082	0.082	0.082	0.082	0.083	0.082	0.082	0.082	0.082	0.082
H7	0.095	0.097	0.098	0.1	0.103	0.104	0.108	0.111	0.116	0.12	0.127	0.133	0.139	0.144	0.151	0.161	0.17	0.176	0.194	0.204	0.223	0.237	0.227	0.255	0.262	0.269	0.238	0.274	0.271	0.284	0.278	0.26	0.294	0.246	0.299	0.281	0.271	0.292	0.29	0.29	0.278	0.291	0.312	0.297	0.302	0.301	0.274	0.304	0.302	0.299	0.304	0.296	0.307	0.302	0.302	0.303	0.303	0.301	0.303	0.31	0.304	0.311	0.306	0.307	0.308	0.31	0.306	0.307	0.308	0.306	0.307	0.308	0.307	0.307	0.309	0.307	0.309	0.304	0.306	0.307	0.308	0.311	0.307	0.306	0.308	0.309	0.311	0.308	0.313	0.312	0.311	0.311	0.31	0.31	0.309	0.311
H8	0.092	0.093	0.095	0.096	0.098	0.1	0.102	0.106	0.111	0.115	0.122	0.129	0.136	0.143	0.152	0.161	0.173	0.185	0.199	0.221	0.247	0.27	0.301	0.337	0.344	0.374	0.381	0.39	0.399	0.422	0.424	0.434	0.436	0.45	0.472	0.485	0.499	0.509	0.511	0.532	0.549	0.566	0.585	0.603	0.628	0.647	0.671	0.693	0.721	0.747	0.77	0.795	0.827	0.856	0.874	0.899	0.906	0.932	0.945	0.955	0.974	0.98	0.987	1.005	1.006	1.02	1.025	1.039	1.052	1.046	1.056	1.067	1.086	1.086	1.089	1.11	1.106	1.113	1.116	1.115	1.123	1.123	1.126	1.12	1.133	1.136	1.148	1.151	1.131	1.161	1.157	1.173	1.171	1.176	1.172	1.183
H9	0.091	0.093	0.094	0.096	0.097	0.099	0.102	0.105	0.108	0.112	0.117	0.123	0.13	0.137	0.144	0.153	0.163	0.175	0.189	0.213	0.222	0.253	0.275	0.287	0.317	0.314	0.329	0.313	0.306	0.342	0.322	0.342	0.334	0.34	0.328	0.33	0.344	0.343	0.353	0.351	0.348	0.353	0.354	0.35	0.352	0.345	0.344	0.351	0.352	0.354	0.355	0.358	0.352	0.365	0.354	0.358	0.358	0.363	0.359	0.36	0.358	0.366	0.36	0.365	0.361	0.366	0.364	0.365	0.369	0.37	0.366	0.368	0.367	0.371	0.369	0.374	0.375	0.372	0.37	0.371	0.373	0.372	0.373	0.374	0.375	0.375	0.374	0.378	0.378	0.377	0.379	0.379	0.38	0.381	0.38	0.382
H10	0.086	0.086	0.086	0.086	0.086	0.086	0.086	0.086	0.086	0.086	0.086	0.086	0.086	0.086	0.086	0.086	0.086	0.086	0.086	0.086	0.086	0.086	0.086	0.086	0.086	0.086	0.086	0.086	0.086	0.086	0.086	0.086	0.086	0.086	0.086	0.086	0.086	0.086	0.086	0.086	0.086	0.086	0.086	0.086	0.086	0.086	0.086	0.086	0.086	0.086	0.086	0.086	0.086	0.086	0.086	0.086	0.086	0.086	0.086	0.086	0.086	0.086	0.086	0.086	0.086	0.086	0.086	0.086	0.086	0.086	0.086	0.086	0.086	0.086	0.086	0.086	0.086	0.086	0.086	0.086	0.086	0.086	0.086	0.086	0.086	0.086	0.086	0.086	0.086	0.086	0.086	0.086	0.086	0.086	0.086	0.086
H11	0.085	0.085	0.084	0.084	0.084	0.084	0.084	0.084	0.084	0.084	0.084	0.084	0.084	0.084	0.084	0.084	0.084	0.084	0.084	0.084	0.084	0.084	0.084	0.084	0.084	0.084	0.084	0.084	0.084	0.084	0.084	0.084	0.084	0.084	0.084	0.084	0.084	0.084	0.084	0.084	0.084	0.084	0.084	0.084	0.084	0.084	0.084	0.084	0.084	0.084	0.084	0.084	0.084	0.084	0.084	0.084	0.084	0.084	0.084	0.084	0.084	0.084	0.084	0.084	0.084	0.085	0.085	0.084	0.084	0.084	0.084	0.085	0.084	0.084	0.084	0.084	0.085	0.084	0.084	0.085	0.084	0.084	0.085	0.084	0.085	0.084	0.085	0.084	0.085	0.084	0.084	0.084	0.084	0.084	0.085	0.084
H12	0.082	0.082	0.082	0.082	0.082	0.082	0.082	0.082	0.082	0.082	0.082	0.082	0.082	0.082	0.082	0.082	0.082	0.082	0.082	0.082	0.082	0.082	0.082	0.082	0.082	0.082	0.082	0.082	0.082	0.082	0.082	0.082	0.082	0.082	0.082	0.082	0.082	0.082	0.082	0.082	0.082	0.082	0.082	0.082	0.082	0.082	0.082	0.082	0.082	0.082	0.082	0.082	0.082	0.082	0.082	0.082	0.082	0.082	0.082	0.082	0.082	0.082	0.082	0.082	0.082	0.082	0.082	0.082	0.082	0.082	0.082	0.082	0.082	0.082	0.082	0.082	0.082	0.082	0.082	0.082	0.082	0.082	0.082	0.082	0.082	0.082	0.082	0.082	0.082	0.082	0.082	0.082	0.082	0.082	0.082	0.082
